motion_id,motion_topic,motion_text,num_tokens,speaker,party,date,motion_priority
499,Shift Powers from MPs in the Commons to Ministers,"European Union (Withdrawal) Bill – Dealing with deficiencies arising from withdrawal
158, page 6, line 13, after “it”, insert— “() modify the Scotland Act 1998 or the Government of Wales Act 2006,”",32,Stephen Doughty,Lab,2017-12-12,important
587,Higher taxes on alcoholic drinks,"Amendment of the Law
That,— (1) It is expedient to amend the law with respect to the National Debt and the public revenue and to make further provision in connection with finance. (2) This Resolution does not extend to the making of any amendment with respect to value added tax so as to provide– (a) for zero-rating or exempting a supply, acquisition or importation; (b) for refunding an amount of tax; (c) for any relief, other than a relief that– (i) so far as it is applicable to goods, applies to goods of every description, and (ii) so far as it is applicable to services, applies to services of every description.",111,,,2015-03-23,not_important
195,Further devolution to Scotland,"European Union (Withdrawal) Bill – Creation of UK-wide frameworks
“(1) The Secretary of State must lay before each House of Parliament proposals for replacing European frameworks with UK ones. (2) UK-wide frameworks shall be proposed if and only if they are necessary to— (a) enable the functioning of the UK internal market; (b) ensure compliance with international obligations; (a) ensure the UK can negotiate, enter into and implement new trade agreements and international treaties; (b) enable the management of common resources; (c) administer and provide access to justice in cases with a cross-border element; (d) safeguard the security of the UK. (3) Ministers of the Crown shall only create UK-wide frameworks if they have consulted with, and secured the agreement of, the affected devolved administrations.",125,Jenny Chapman,Lab,2017-12-04,important
165,Further devolution to Scotland,"Financial Services (Regulation of Derivatives) — Maritime policy
‘(1) The Scotland Act 1998 is amended as follows. (2) In Schedule 5, section E3, leave out— (a) the Coastguard Act 1925”. (3) After section 90 insert section 90A as follows— “Maritime and Coastguard Agency (Scotland) 90A (1) The Maritime and Coastguard Agency is to be treated as a Cross-Border Public Authority for the purposes of sections 88 to 90. (2) The funding, operation and planning authority of Maritime and Coastguard Agency facilities in Scotland shall reside with the Scottish Government and the appropriate Scottish Minister. (3) These parts of the Maritime and Coastguard Agency which are the responsibility of Scottish Government shall be known as the Maritime and Coastguard Agency (Scotland). (4) The Maritime and Coastguard Agency (Scotland) will be responsible for maintaining and upholding domestic and international laws and obligations in the Scottish Waters. (5) For the purposes of this section, the Scottish Waters are as defined by the Scottish Adjacent Waters Boundary Order 1999.”.’.
That the clause be read a Second time.",173,Angus MacNeil,SNP,2011-03-15,important
543,Increase VAT,"Finance Bill
an amendment, to leave out from “That” to the end of the Question and add: “this House declines to give a Second Reading to the Finance Bill because it fails to address the real economic needs of the country, continues to deepen the social divide between those who have and those who have not, restricts the financial discretion of the Scottish Government over its resources, fails to tackle the iniquity of the Scottish Police and Fire and Rescue Services being unable to reclaim VAT, creates unintended consequences for small challenger banks and building societies whose capital comes from retained profits, removes the exemption from the climate change levy of renewable energy resources and, in combination with welfare changes announced in the Summer Budget 2015 and inheritance tax changes, takes from people on low and middle incomes and gives to the very richest.”",144,Roger Mullin,SNP,2015-07-21,important
30,European Union - For,"A Citizens' Agenda
[Relevant documents: Twenty-second Report of the European Scrutiny Committee, Session 2005-06, HC34-xxii, paragraph 1. Thirty-first Report of the European Scrutiny Committee, Session 2005-06, HC34- xxxi, paragraphs 1 and 30. Thirty-second Report of the European Scrutiny Committee, Session 2005-06, HC34-xxxii, paragraphs 4 and 5. Thirty-third Report of the European Scrutiny Committee, Session 2005-06, HC34-xxxiii, paragraph 16. Thirty-sixth Report of the European Scrutiny Committee, Session 2005-06, HC34-xxxvi, paragraphs 11, 18 and 19. Thirty-seventh Report of the European Scrutiny Committee, Session 2005-06, HC34-xxxvii, paragraph 49.]
That this House takes note of European Union Document No. 9390/06, Commission Communication: A Citizens' Agenda—Delivering Results for Europe: and supports the Government's view that it welcomes the principles behind 'A Citizens' Agenda' and the Commission's commitment to taking forward the Hampton Court agenda of delivering concrete results and benefits to EU citizens.",138,Geoff Hoon,Lab,2006-10-26,important
530,Increase VAT,"Economic Growth and Employment
That this House notes with concern that UK economic growth is flatlining and was choked off well before the recent Eurozone crisis, that youth unemployment is now more than one million and that Government borrowing is therefore expected to be £46 billion higher than forecast over the Parliament; further notes with regret that the Government has failed to deliver a credible growth plan, is undermining critical industries in which the UK must compete, is failing to use strategically procurement and other tools to drive growth and innovation, and is holding back regional growth with its flagship projects mired in inertia and with most business still waiting for Regional Growth Fund money seven months after the recipients were announced; therefore calls on the Government to deliver a growth plan that provides an immediate boost to the economy to increase demand and growth, including a £2 billion tax on bank bonuses to fund 100,000 jobs for young people and build 25,000 more affordable homes; and further calls on the Government to bring forward long-term investment projects to get people back to work, to reverse the damaging VAT rise of January 2011 for a temporary period giving families a £450 boost and providing immediate help for the UK’s high streets, to provide a one-year cut in VAT to five per cent. on home improvements, repairs and maintenance to help home owners and small businesses, and to provide a one-year national insurance tax break for small firms to help them grow and create jobs.",254,Chuka Umunna,Lab,2011-11-23,important
365,Schools - Greater Autonomy,"Academies Bill [ Lords] (Programme)
That the following provisions shall apply to the Academies Bill [ Lords]: 1. The Bill shall be committed to a Committee of the whole House. 2. Proceedings in Committee, any proceedings on consideration and proceedings on Third Reading shall be completed in three days. 3. Proceedings in Committee shall be taken on each of those days as shown in the first column of the following Table and in the order so shown.4. Proceedings shall (so far as not previously concluded) be brought to a conclusion at the times specified in the second column of the Table. Proceedings        Time for conclusion of proceedings First day         Clauses 1, 6, 9 and 10, new Clauses relating to Clauses 1, 6, 9 or 10, new Schedules relating to Clauses 1, 6, 9 or 10.        Three hours after the moment of interruption. Second day         Clauses 2, 7, 8 and 11 to 13, Schedule 1, Clause 14, Schedule 2, Clause 15, new Clauses relating to Clauses 2, 7 or 8 or any of Clauses 11 to 15 or Schedule 1 or 2, new Schedules relating to Clauses 2, 7 or 8 or any of Clauses 11 to 15 or Schedule 1 or 2.        One hour after the moment of interruption. Third day         Clauses 3 to 5, Clauses 16 to 20, new Clauses relating to any of Clauses 3 to 5 or 16 to 20, new Schedules relating to any of Clauses 3 to 5 or 16 to 20, remaining proceedings on the Bill.        One hour before the moment of interruption. 5. Any proceedings on consideration and proceedings on Third Reading shall (so far as not previously concluded) be brought to a conclusion at the moment of interruption on the third day. Programming Committee 6. Standing Order No. 83B (Programming committees) shall not apply to proceedings in Committee, any proceedings on consideration or proceedings on Third Reading.  7. Any other proceedings on the Bill (including any proceedings on consideration of any message from the Lords) may be programmed.",336,Shailesh Vara,Con,2010-07-19,not_important
278,More powers for local councils,"Neighbourhood Planning Bill – Permitted development: use clauses and demolition of drinking establishments
“(1) The Town and Country Planning (Use Classes) Order 1987 (SI/1987/764) is amended as follows. (2) At the end of section 3(6) insert— “(p) drinking establishment.” (3) In the Schedule, leave out the paragraph starting “Class A4. Drinking Establishments” (4) The Town and Country Planning (General Permitted Development) Order 1995 (SI1995/418) is amended as follows. (5) In Part 3 of Schedule 2— (a) in Class A: Permitted development, leave out “A4 (drinking establishments)”. (b) In Class AA: Permitted development, leave out “Class A4 (drinking establishments)”. (c) in Class C: Permitted development, leave out “Class A4 (drinking establishments)”. (6) In Part 31 of Schedule 2 under A.1 at end insert— “() the building subject to demolition is classed as a drinking establishment”.”
That the clause be read a Second time.",142,Roberta Blackman-Woods,Lab,2016-12-13,important
352,Schools - Greater Autonomy,"Education Bill — Selection by aptitude
(1) The School Standards and Framework Act 1998 (c. 59) is amended as follows. (2) Clause 99 (General restriction on selection by ability or aptitude) is amended by leaving out subsection (4)(b). (3) Clause 102 (Permitted Selection: aptitude for particular subjects.) shall cease to have effect.'.
That the clause be read a Second time.",60,Phil Willis,LD,2002-02-06,important
549,Identity cards - For introduction,"Identity Cards Bill [Money]
That, for the purposes of any Act resulting from the Identity Cards Bill, it is expedient to authorise the payment out of money provided by Parliament of— (a) such allowances to be paid to the National Identity Scheme Commissioner as the Treasury may determine; (b) any sums authorised or required to be paid by the Secretary of State for or in connection with the carrying out of his functions under that Act; and (c) any increase attributable to that Act in the sums which are payable out of money so provided under any other Act",99,Paul Clark,Lab,2004-12-20,not_important
55,European Union - For,"Addition to list of treaties
No. 222, in page 1, line 12, after 'excluding', insert— '(i) Article 2, paragraph 12, new Article 2B TEC (TFEU), paragraph 1(d), relating to the conservation of marine biological resources under the common fisheries policy; and (ii) '.",43,Angus Robertson,SNP,2008-02-26,important
500,Shift Powers from MPs in the Commons to Ministers,"European Union (Withdrawal) Bill – Dealing with deficiencies arising from withdrawal
25, in clause 7, page 6, line 18, at end insert— “(g) remove or reduce any protections currently conferred upon individuals, groups or the natural environment, (h) prevent any person from continuing to exercise a right that they can currently exercise, (i) amend, repeal or revoke the Equality Act 2010 or any subordinate legislation made under that Act.” .
That the amendment be made.",75,Matthew Pennycook,Lab,2017-12-12,important
460,Terrorism laws - For,"Terrorism Bill — Encouragement of Terrorism
amendment No. 79, in page 1, line 8, leave out paragraph (b) and insert— '(b) at the time he does so, he intends or is recklessly indifferent to the fact that the publication will be understood as a direct or indirect encouragement or inducement to the commission, preparation or instigation of acts of terrorism or Convention offences. (c) it is not necessary that the prosecution prove that he intended to cause, encourage or induce the commission, preparation or instigation of a specific terrorist act'.",90,Dominic Grieve,Con,2005-11-02,not_important
286,Reduce Spending on Welfare Benefits,"Education Maintenance Allowance
an amendment, to leave out from ""House"" to the end of the Question and add: ""believes in full participation in education and training for young people up to the age of 18 and considers that support must be in place to allow those who face the greatest barriers to participation to access this opportunity; notes that the previous Government left this country with one of the largest budget deficits in the world and that savings have had to be made in order to avoid burdening future generations; further notes that the Government has increased funding for deprivation within the 16 to 19 budget and has already begun to replace the current education maintenance allowance system with more targeted support for those who face genuine barriers, including travel; and commits the Government to working with young people, schools and colleges and others outside and inside Parliament on arrangements for supporting students in further education and on improving access to, enthusiasm for and participation in further and higher education.""",170,Michael Gove,Con,2011-01-19,important
101,European Union - For,"Draft European Union Budget
amendment (a), at line 15, leave out from “States”  to the end and add “notes that the UK’s ability to negotiate a satisfactory European Union budget deal has been weakened by the Prime Minister’s failure to secure allies for a more prudent settlement in this qualified majority decision; and so calls on the Government to strengthen its stance so that the 2013 Budget and the forthcoming Multi-Annual Financial Framework are reduced in real terms.”",78,Chris Leslie,Lab,2012-07-12,important
299,Reduce Spending on Welfare Benefits,"Period of entitlement to contributory allowance
That this House disagrees with Lords amendment 18.",14,Chris Grayling,Con,2012-02-01,not_important
281,More powers for local councils,"Local Government
That the draft Somerset West and Taunton (Modification of Boundary Change Enactments) Regulations 2018, which were laid before this House on 29 March, be approved.",27,,,2018-05-23,important
192,Further devolution to Scotland,"The Economy and Work
That an Humble Address be presented to Her Majesty, as follows: Most Gracious Sovereign, We, Your Majesty’s most dutiful and loyal subjects, the Commons of the United Kingdom of Great Britain and Northern Ireland in Parliament assembled, beg leave to offer our humble thanks to Your Majesty for the Gracious Speech which Your Majesty has addressed to both Houses of Parliament, but respectfully regret that a Bill to protect the National Health Service from the Transatlantic Trade and Investment Partnership was not included in the Gracious Speech.",91,,,2016-05-26,not_important
211,Homosexuality - Equal rights,"Adoption and Children Bill – Suitability Of Adopters
Lords amendment: No. 26, in clause 44, page 27, line 38, after first Xa"" insert Xmarried"".
That this House disagrees with the Lords in the said amendment.",35,David Hinchliffe,Lab,2002-11-04,important
131,European Union - For,"European Union (Notification of Withdrawal) Bill – Power to notify withdrawal from the EU
That this House disagrees with Lords amendment 1.",22,David Davis,Con,2017-03-13,important
305,Reduce Spending on Welfare Benefits,"Public Bodies
That the draft Housing Benefit (Amendment) Regulations 2012, which were laid before this House on 28 June, be approved.",21,,,2012-10-24,not_important
182,Further devolution to Scotland,"Scotland Bill – Universal credit: costs of claimants who rent accommodation
amendment 118, page 26, line 20, leave out from “unless” to end of line 25 and insert “they have consulted the Secretary of State”",35,Eilidh Whiteford,SNP,2015-06-30,important
2,Asylum System - More strict,"Nationality, Immigration and Asylum Bill — Earlier Right of Appeal
No. 13, in page 44, line 19, leave out Clause 80",21,Simon Hughes,LD,2002-06-11,important
507,Shift Powers from MPs in the Commons to Ministers,"Trade Bill
[Relevant document: Oral evidence taken before the International Trade Committee on 29 November 2017, on the Trade Bill, HC 603-i.]
an amendment, to leave out from “That” to the end of the Question and add: “this House recognises that on leaving the European Union, whether or not the UK concludes a new long-term customs union with the EU, it will need effective legislation to implement agreements with partner countries corresponding to international trade agreements of the European Union in place before the UK’s exit, to implement procurement obligations arising from the UK becoming a member of the Government Procurement Agreement in its own right, to establish a Trade Remedies Authority to deliver the new UK trade remedies framework, and to establish powers for Her Majesty’s Revenue and Customs to collect and disclose data on exporters, but declines to give a Second Reading to the Trade Bill because it fails to set out proper procedures for Parliamentary consultation, scrutiny, debate and approval of future international trade agreements, fails to protect the principle of Parliamentary sovereignty in the implementation of those trade agreements previously negotiated by the European Union and in respect of changes to existing government procurement regulations arising from the UK’s or other countries’ accession to the Government Procurement Agreement, fails to establish sufficient scrutiny procedures to replace those that have pertained while the UK has been a member of the European Union, fails to guarantee that European Union standards and rights will be protected in future trade agreements, and fails to render the Trade Remedies Authority answerable to Parliament or representative of the full range of stakeholders.”",270,Barry Gardiner,Lab,2018-01-09,not_important
429,Terrorism laws - For,"Anti-terrorism, Crime and Security Bill — Searches, examinations and fingerprinting: England and Wales
amendment No. 143, in page 47, line 17, after ""station"", insert— 'in connection with a terrorist investigation'.
That the amendment be made",35,James Paice,Con,2001-11-26,important
588,Higher taxes on alcoholic drinks,"Charge for financial year 2016
amendment 2, page 3, line 39, at end insert— “(3) The Chancellor of the Exchequer shall undertake a review, within six months of the passing of this Act, of the impact of a cut of one per cent to the main rate of Corporation Tax for financial year 2016, with particular reference to— (a) the impact on businesses with fewer than 50 employees; (b) the impact on investment by businesses with fewer than 50 employees; and (c) alternative tax measures, including non-domestic rates, which would have a greater benefit for businesses with fewer than 50 employees. (4) The Chancellor of the Exchequer must publish the report of the review and lay the report before the House.”.",121,Shabana Mahmood,Lab,2015-03-25,important
73,European Union - For,"European Union (Transparency)
That leave be given to bring in a Bill to require a Minister to certify on a Government Bill or a statutory instrument whether or not the Bill or statutory instrument is a result of a decision of the European Union; and for connected purposes.",48,Mark Harper,Con,2008-10-08,not_important
516,Increase VAT,"Value Added Tax
That an humble Address be presented to Her Majesty, praying that the Value Added Tax (Change of Rate) Order 2008 (S.I., 2008, No. 3020), dated 24 November 2008, a copy of which was laid before this House on 24 November, in the previous Session of Parliament, be annulled.",51,Vincent Cable,LD,2008-12-17,important
335,Reduce Spending on Welfare Benefits,"Welfare Reform and Work Bill – Employment and support allowance: work-related activity component
That this House disagrees with Lords amendment 8.",21,Priti Patel,Con,2016-02-23,important
176,Further devolution to Scotland,"Scotland Bill – Application of the Human Rights Act 1998 to Scotland
‘The application of the Human Rights Act 1998 to Scotland shall not be repealed in so far as it affects Scotland without the express consent of the Scottish Parliament.’",41,Graham Allen,Lab,2015-06-15,not_important
29,Asylum System - More strict,"Immigration Bill – Asylum seekers: permission to work after six months
Motion made, and Question put, That this House disagrees with Lords amendment 59.",24,James Brokenshire,Con,2016-04-25,important
63,European Union - For,"European Union (Amendment) Bill
That it be an Instruction to the Committee on the European Union (Amendment) Bill that it have power to make provision in the Bill for the holding of a referendum on the United Kingdom's continued membership of the European Union.",44,Edward Davey,LD,2008-03-04,important
72,European Union - For,"European Union (Amendment) Bill
Order for Third Reading read.— [Queen's Consent, on behalf of the Crown, signified.]
That the Bill be now read the Third time.",26,David Miliband,Lab,2008-03-11,important
580,Higher taxes on alcoholic drinks,"Budget Resolutions and Economic Situation — Amendment of the Law
(1) That it is expedient to amend the law with respect to the National Debt and the public revenue and to make further provision in connection with finance. (2) This Resolution does not extend to the making of any amendment with respect to value added tax so as to provide— (a) for zero-rating or exempting a supply, acquisition or importation; (b) for refunding an amount of tax; (c) for any relief, other than a relief that— (i) so far as it is applicable to goods, applies to goods of every description, and (ii) so far as it is applicable to services, applies to services of every description.",117,,,2013-03-25,not_important
257,More powers for local councils,"Growth and Infrastructure Bill (Programme) (No. 2) – Purpose of planning
42, page 1, line 2, leave out clause 1.
That the amendment be made",25,Roberta Blackman-Woods,Lab,2012-12-17,important
70,European Union - For,"Commencement
That the clause stand part of the Bill",9,,,2008-03-05,not_important
425,Terrorism laws - For,"Anti-terrorism, Crime and Security Bill – Certification: review
No. 71, in page 13, line 34, leave out— 'does not agree with the belief or suspicion' and insert— 'considers that there are no reasonable grounds for a belief or suspicion of the kind'.",42,Anne McGuire,Lab,2001-11-21,important
310,Reduce Spending on Welfare Benefits,"Up-rating of certain social security benefits for tax years 2014-15 and 2015-16
amendment 12, page 1, line 4, leave out ‘by 1%’.",22,Stephen Timms,Lab,2013-01-21,important
485,Shift Powers from MPs in the Commons to Ministers,"Legislative and Regulatory Reform Bill (Programme)
That the following provisions shall apply to the Legislative and Regulatory Reform Bill: Committal 1. The Bill shall be committed to a Standing Committee. Proceedings in Standing Committee 2. Proceedings in the Standing Committee shall (so far as not previously concluded) be brought to a conclusion on Thursday 9th March 2006. 3. The Standing Committee shall have leave to sit twice on the first day on which it meets. Consideration and Third Reading 4. Proceedings on consideration shall (so far as not previously concluded) be brought to a conclusion one hour before the moment of interruption on the day on which those proceedings are commenced. 5. Proceedings on Third Reading shall (so far as not previously concluded) be brought to a conclusion at the moment of interruption on that day. 6. Standing Order No. 83B (Programming committees) shall not apply to proceedings on consideration and Third Reading. Other proceedings 7. Any other proceedings on the Bill (including any proceedings on consideration of Lords Amendments or on any further messages from the Lords) may be programmed.",181,Ian Cawsey,Lab,2006-02-09,not_important
322,Reduce Spending on Welfare Benefits,"Welfare Reform and Work Bill
That this House, whilst affirming its belief that there should be controls on and reforms to the overall costs of social security, that reporting obligations on full employment, apprenticeships and troubled families are welcome, and that a benefits cap and loans for mortgage interest support are necessary changes to the welfare system, declines to give a Second Reading to the Welfare Reform and Work Bill because the Bill will prevent the Government from continuing to pursue an ambition to reduce child poverty in both absolute and relative terms, it effectively repeals the Child Poverty Act 2010 which provides important measures and accountability of government policy in relation to child poverty, and it includes a proposal for the work-related activity component of employment and support allowance which is an unfair approach to people who are sick and disabled.",142,Stephen Timms,Lab,2015-07-20,important
264,More powers for local councils,"Fixed Odds Betting Terminals
That this House understands the public concerns around fixed odds betting terminals regulated by the Gambling Act 2005; notes that the Government has made clear that it considers the future of B2 regulation to be unresolved; welcomes the Government-backed research into the effect of fixed odds betting terminals on problem gambling; believes that any development in the Government’s policy on this matter should be evidence-led; calls upon the betting industry to provide the data required for a proper understanding of the impact of fixed odds betting terminals; and further notes that local authorities already have planning powers to tackle localised problems and target specific areas where the cumulative impact of betting shops or other specific types of premises might be problematic, as well as licensing powers to tackle individual premises causing problems.",136,Helen Grant,Lab,2014-01-08,important
140,European Union - For,"European Union (Withdrawal) Bill – Provisions relating to the EU or the EEA in respect of EU-derived domestic legislation
“(1) Notwithstanding the provisions of section 5(1), HM Government shall make arrangements to report to both Houses of Parliament whenever circumstances arising in section 2(2)(d) would otherwise have amended provisions or definitions in UK law had the UK remained a member of the EU or EEA beyond exit day. (2) Notwithstanding the provisions of section 5(1) and having reported to both Houses of Parliament, HM Government is bound to consider whether it should incorporate amended provisions or definitions into UK law, in order to ensure that the rights of workers and employees in the UK are no less favourable than they would have been had the UK remained a member of the EU or EEA beyond exit day. (3) Such circumstances arising in section 2(2)(d) include but are not limited to— (a) any future EU Directives relating to family-friendly employment rights; including but not limited to rights for pregnant workers and employees, and those returning from maternity leave, (b) any future EU Directives relating to gender equality, (c) the proposed Directive of the European Parliament and of the Council on work-life balance for parents and carers. (4) Reports presented under subsection (1) must include— (i) an assessment of how such amendments to UK law would have impacted sex equality in the UK had the UK remained a member of the EU or EEA beyond exit day and (ii) an assessment of how a failure to implement amended provisions or definitions in UK law will impact the ability of families to combine work and care in the UK and gender equality in the UK.”
That the clause be read a Second time.",290,Ellie Reeves,Lab,2017-11-21,not_important
364,Schools - Greater Autonomy,"Repeals
Amendments made: No. 78, in page 239, line 9, at end insert— 'Education Act 1996 (c. 56)        In section 444 In subsection (1A), the words ""without reasonable justification"", an In subsection (3),paragraph (b) andthe word ""or"" immediately following it.' No. 79, in page 239, line 27, column 2, at beginning insert— 'Section 159(3). No. 80, in page 241, line 33, column 2, leave out 'In section 15(7), the words ""65 or"" ' and insert 'Section 15(7)'. No. 81, in page 241, line 39, column 2, at beginning insert— 'In Schedule 7, paragraph 13.' No. 82, in page 241, line 39, column 2, leave out 'paragraph 79' and insert 'paragraphs 78 and 79'. No. 83, in page 241, line 47, column 2, at end insert— 'In Schedule 5, paragraph 3(14).' No. 118, in page 243, line 4, column 2, leave out 'paragraph 13A(4)' and insert 'paragraphs 13A(4) and 14(1)'. No. 38, in page 244, line 37, column 2, at end insert— 'In Schedule 22—paragraph 1(1)(c);in paragraph 2(1)(a), the words from ""or acquired"" to the end; in paragraph 3(1)(a), the words from ""or acquired"" to the end; paragraph 3(1)(d);in paragraph 3(1)(f), the words ""(d) or""; and in paragraph 3(8), the words ""(d),"".' No. 39, in page 244, line 37, at end insert— 'Education Act 2002 (c.32)        In Schedule 21, paragraph 118(3)(b) and (4)(a)(ii).' No. 40, in page 244, line 39, at end add— 'Education Act 2005 (c.18)        In Schedule 12, paragraph 15.'.
That the Bill be now read the Third time.",250,Alan Johnson,Lab,2006-05-24,important
554,Identity cards - For introduction,"Identity Cards Bill – Applications Relating to Entries in Register
No. 44, in page 4, line 43, at end insert '(d) state that the individual does not consent to be included in the Register on the basis of the application.'.",40,,,2005-02-10,important
332,Reduce Spending on Welfare Benefits,"The Economy
That this House believes that the Government has failed to deliver on its commitment to stand up for working people; notes that the Government’s existing plans to cut tax credits will cost more than three million working families an average of £1,300 a year from next April; further notes that 4.1 million children now live in absolute poverty, an increase of 500,000 since 2009-10; notes that in 2014 the UK’s current account deficit reached the highest level ever recorded, at 5.1 per cent; notes that 85 per cent of the money saved from tax and benefit changes in the last Parliament came from women; further believes that the Government has failed to deliver the more sustainable economy the country needs; notes that, rather than investing in building new homes to cut housing benefit costs, housing investment has been slashed and housing benefit has risen by over £2 billion a year in real terms; notes that the gap between UK productivity per hour worked and the rest of the G7 grew to 20 percentage points in 2014, the widest productivity gap since 1991; believes that further deep cuts to the budget of the Department for Business, Innovation and Skills could damage the Government’s ability to boost innovation and productivity and could restrict opportunities for British businesses and workers to succeed in the global economy; calls on the Government to reverse fully and fairly its plans to cut tax credits from next April; and further calls for the Government to invest in growing a more productive economy with a focus on science, technology and green jobs to equip Britain for the future and share more fairly the proceeds of growth.",280,John Martin McDonnell,Lab,2015-11-18,not_important
480,Terrorism laws - For,"Terrorist Asset-Freezing (Temporary Provisions) Bill (Allocation of Time)
That the following provisions shall apply to the Terrorist Asset-Freezing (Temporary Provisions) Bill: Timetable 1.-(1) Proceedings on Second Reading, in Committee, on consideration and on Third Reading shall be completed at today's sitting in accordance with the following provisions of this paragraph. (2) Proceedings on Second Reading shall (so far as not previously concluded) be brought to a conclusion four hours after the commencement of proceedings on the Motion for this Order or at 8 pm (whichever is the earlier). (3) Proceedings in Committee, on consideration and on Third Reading shall (so far as not previously concluded) be brought to a conclusion at 10 pm. Timing of proceedings and Questions to be put 2. When the Bill has been read a second time- (a) it shall (Notwithstanding bills not subject to a programme order"">Standing Order No. 63 (Committal of bills not subject to a programme order)) stand committed to a Committee of the whole House without any Question being put; (b) the Speaker shall leave the Chair whether or not notice of an Instruction has been given. 3.-(1) On the conclusion of proceedings in Committee, the Chairman shall report the Bill to the House without putting any Question. (2) If the Bill is reported with amendments, the House shall proceed to consider the Bill as amended without any Question being put. 4. For the purpose of bringing any proceedings to a conclusion in accordance with paragraph 1, the Chairman or Speaker shall forthwith put the following Questions (but no others)- (a) any Question already proposed from the Chair; (b) any Question necessary to bring to a decision a Question so proposed; (c) the Question on any amendment moved or Motion made by a Minister of the Crown; (d) any other Question necessary for the disposal of the business to be concluded. 5. On a Motion so made for a new Clause or a new Schedule, the Chairman or Speaker shall put only the Question that the Clause or Schedule be added to the Bill. 6. If two or more Questions would fall to be put under paragraph 4(d) in relation to successive provisions of the Bill, the Chairman shall instead put a single question in relation to those provisions. Consideration of Lords Amendments 7.-(1) Any Lords Amendments to the Bill shall be considered forthwith without any Question being put. (2) Proceedings on consideration of Lords Amendments shall (so far as not previously concluded) be brought to a conclusion one hour after their commencement. 8.-(1) This paragraph applies for the purpose of bringing any proceedings to a conclusion in accordance with paragraph 7. (2) The Speaker shall first put forthwith any Question already proposed from the Chair. (3) If that Question is for the amendment of a Lords Amendment the Speaker shall then put forthwith- (a) a single Question on any further Amendments to the Lords Amendment moved by a Minister of the Crown, and (b) the Question on any Motion made by a Minister of the Crown that this House agrees or disagrees to the Lords Amendment or (as the case may be) to the Lords Amendment as amended. (4) The Speaker shall then put forthwith- (a) a single Question on any Amendments moved by a Minister of the Crown to a Lords Amendment, and (b) the Question on any Motion made by a Minister of the Crown that this House agrees or disagrees to the Lords Amendment or (as the case may be) to the Lords Amendment as amended. (5) The Speaker shall then put forthwith the Question on any Motion made by a Minister of the Crown that this House disagrees to a Lords Amendment. (6) The Speaker shall then put forthwith the Question that this House agrees to all the remaining Lords Amendments. (7) As soon as the House has- (a) agreed or disagreed to a Lords Amendment, or (b) disposed of an Amendment relevant to a Lords Amendment which has been disagreed to, the Speaker shall put forthwith a single Question on any Amendments moved by a Minister of the Crown and relevant to the Lords Amendment. Subsequent stages 9.-(1) Any further Message from the Lords on the Bill shall be considered forthwith without any Question being put. (2) Proceedings on any further Message from the Lords shall (so far as not previously concluded) be brought to a conclusion one hour after their commencement. 10.-(1) This paragraph applies for the purpose of bringing any proceedings to a conclusion in accordance with paragraph 9. (2) The Speaker shall first put forthwith any Question which has been proposed from the Chair. (3) The Speaker shall then put forthwith the Question on any Motion made by a Minister of the Crown which is related to the Question already proposed from the Chair. (4) The Speaker shall then put forthwith the Question on any Motion made by a Minister of the Crown on or relevant to any of the remaining items in the Lords Message. (5) The Speaker shall then put forthwith the Question that this House agrees with the Lords in all the remaining Lords Proposals. Reasons Committee 11.-(1) The Speaker shall put forthwith the Question on any Motion made by a Minister of the Crown for the appointment, nomination and quorum of a Committee to draw up Reasons and the appointment of its Chairman. (2) A Committee appointed to draw up Reasons shall report before the conclusion of the sitting at which it is appointed. (3) Proceedings in the Committee shall (so far as not previously concluded) be brought to a conclusion 30 minutes after their commencement. (4) For the purpose of bringing any proceedings to a conclusion in accordance with sub paragraph (3), the Chairman shall- (a) first put forthwith any Question which has been proposed from the Chair, and (b) then put forthwith successively Questions on motions which may be made by a Minister of the Crown for assigning a Reason for disagreeing with the Lords in any of their Amendments. (5) The proceedings of the Committee shall be reported without any further Question being put. Miscellaneous 12. Paragraph (1) of Standing Order No. 15 (Exempted business) shall apply so far as necessary for the purposes of this Order. 13.-(1) The proceedings on any Motion made by a Minister of the Crown for varying or supplementing the provisions of this Order shall (so far as not previously concluded) be brought to a conclusion one hour after their commencement. (2) Paragraph (1) of Standing Order No. 15 (Exempted business) shall apply to those proceedings. 14. Standing Order No. 82 (Business Committee) shall not apply in relation to any proceedings to which this Order applies. 15.-(1) No Motion shall be made, except by a Minister of the Crown, to alter the order in which any proceedings on the Bill are taken or to recommit the Bill. (2) The Question on any such Motion shall be put forthwith. 16.-(1) No dilatory Motion shall be made in relation to proceedings to which this Order applies except by a Minister of the Crown. (2) The Question on any such Motion shall be put forthwith. 17. The Speaker may not arrange for a debate to be held in accordance with Standing Order No. 24 (Emergency debates)- (a) at today's sitting, or (b) at any sitting at which Lords Amendments to the Bill are, or any further Message from the Lords is, to be considered, before the conclusion of any proceedings to which this Order applies. 18.-(1) Sub-paragraph (2) applies if the House is adjourned, or the sitting is suspended, before the conclusion of any proceedings to which this Order applies. (2) No notice shall be required of a Motion made at the next sitting by a Minister of the Crown for varying or supplementing the provisions of this Order. 19. Proceedings to which this Order applies shall not be interrupted under any Standing Order relating to the sittings of the House. 20. The Speaker shall not adjourn the House at the sitting on the day on which the Bill is sent back to the House from the Lords until- (a) any Message from the Lords on the Bill has been received; (b) he has reported the Royal Assent to any Act agreed upon by both Houses.",1382,Sarah McCarthy-Fry,Lab,2010-02-08,important
581,Higher taxes on alcoholic drinks,"Finance (No. 2) Bill – Rate of VAT
‘(1) In section 2(1) of the Value Added Tax Act 1994 (Rate of VAT) for “20 per cent” substitute “17.5 per cent”. (2) Subsection (1) shall have effect from Royal Assent and shall expire at such time as the Government presents to Parliament a report stating that the UK economy has returned to strong growth.’.",63,Cathy Jamieson,Lab,2013-04-18,important
10,Asylum System - More strict,"Asylum and Immigration (Treatment of Claimants, etc.) Bill (Programme)
That the following provisions shall apply to the Asylum and Immigration (Treatment of Claimants, etc.) Bill: Committal 1. The Bill shall be committed to a Standing Committee. Proceedings in Standing Committee 2. Proceedings in the Standing Committee shall (so far as not previously concluded) be brought to a conclusion on 27th January 2004. 3. The Standing Committee shall have leave to sit twice on the first day on which it meets. Consideration and Third Reading 4. Proceedings on consideration shall (so far as not previously concluded) be brought to a conclusion one hour before the moment of interruption on the day on which those proceedings are commenced. 5. Proceedings on Third Reading shall (so far as not previously concluded) be brought to a conclusion at the moment of interruption on that day. Programming Committee 6. Sessional Order B (programming committees) made on 28th June 2001 shall not apply to proceedings on consideration and Third Reading. Programming of proceedings 7. All proceedings on the Bill (including any proceedings on consideration of Lords Amendments or on any further messages from the Lords) may be programmed.",192,Jim Murphy,Lab,2003-12-17,not_important
433,Terrorism laws - For,"Anti-terrorism, Crime and Security Bill — Forfeiture of Terrorist Cash
That the Bill be now read the Third time.",19,David Blunkett,Lab,2001-11-26,important
86,European Union - For,"Decisions requiring approval by Act and by referendum
58, page 4, line 39, at end insert 'and for the purposes of subsection (2A) as references to a notification'.- (Mr Lidington .) Amendment proposed : 100, in page 5, line 27, after '(enhanced co-operation)', insert 'except in the field of EU patents'.",51,Emma Reynolds,Lab,2011-01-25,important
316,Reduce Spending on Welfare Benefits,"Welfare Reforms and Poverty
That this House believes that a commission of inquiry should be established to investigate the impact of the Government’s welfare reforms on the incidence of poverty.",30,Michael Meacher,Lab,2014-01-13,not_important
6,Asylum System - More strict,"Nationality, Immigration and Asylum Bill – Support for Destitute Asylum-Seeker
No. 20, in page 9, line 16, at end insert— X, and (c) there is a place available in an appropriate maintained school for any dependant of school age"" Motion made, and Question put, That this House disagrees with the Lords in the said amendment.",55,Beverley Hughes,Lab,2002-11-05,important
496,Shift Powers from MPs in the Commons to Ministers,"European Union (Withdrawal) Bill – Treatment of retained law
“(1) Following the commencement of this Act, no modification may be made to retained EU law save by primary legislation, or by subordinate legislation made under this Act. (2) By regulation, the Minister may establish a Schedule listing technical provisions of retained EU law that may be amended by subordinate legislation. (3) Regulations made under subsection (2) will be subject to an enhanced scrutiny procedure including consultation with the public and relevant stakeholders. (4) Regulations may only be made under subsection (2) to the extent that they will have no detrimental impact on the UK environment. (5) Delegated powers may only be used to modify provisions of retained EU law listed in any Schedule made under subsection (2) to the extent that such modification will not limit the scope or weaken standards of environmental protection.”",144,Kerry McCarthy,Lab,2017-11-15,important
78,European Union - For,"Draft EU Budget 2011
That this House takes note of European Union Document No. SEC(2010) 473, Statement of Estimates of the European Commission for the financial year 2011; and supports the Government's efforts to maintain the 2011 EU budget at the cash levels equivalent to the 2010 budget, while ensuring better value for money in EU expenditure.",57,Justine Greening,Con,2010-10-13,not_important
531,Increase VAT,"Unemployment
That this House believes that the Government’s policies of cutting spending and raising taxes too far and too fast have resulted in the UK economy flat-lining for 12 months, well before the recent eurozone crisis; notes that unemployment has reached a 17-year high and over-50s unemployment has risen sharply; further notes that slower growth and higher unemployment makes it harder to get the deficit down and that the Office for Budget Responsibility forecasts a further rise in unemployment to 8.7 per cent., a rise in the benefits bill of £29 billion, and an increase in projected borrowing of £158 billion; agrees with the IMF’s warning that ‘consolidating too quickly will hurt the recovery and worsen job prospects’ and that the Government should ‘have a heightened readiness to respond, particularly if it looks like the economy is headed for a prolonged period of weak growth and high unemployment’; and, in light of the Office for Budget Responsibility forecasts published on 29 November 2011, calls on the Government to reconsider its refusal to adopt the Opposition’s five point plan for jobs which includes creating 100,000 jobs for young people and building 25,000 affordable homes using funds raised from a tax on bank bonuses, bringing forward long-term investment projects, temporarily reversing the January 2011 VAT rise, a one-year cut in VAT to 5 per cent. on home improvements, and a one-year national insurance tax break for every small firm which takes on extra workers.",242,Liam Byrne,Lab,2011-12-14,important
562,Identity cards - For introduction,"Identity Cards Bill – Issue etc. of ID Cards
Amendment made: No. 2, in page 7, line 11 [Clause 8], leave out 'one or'.
amendment No. 7, in clause 8, page 7, line 20, after 'individual', insert— '(aa) must be free of charge;'.",43,Patrick Mercer,Con,2005-10-18,important
544,Increase VAT,"Finance Bill
That the Bill be now read a Second time.",11,David Gauke,Con,2015-07-21,not_important
118,European Union - For,"EU Justice and Home Affairs Measures
[Relevant documents: Twenty-first Report from the European Scrutiny Committee, Session 2013-14, The UK’s block opt-out of pre-Lisbon criminal law and policing measures, HC 683, and the Government Response, HC 978; Seventeenth Report from the European Scrutiny Committee, The UK’s block opt-out decision: summary and update Report, HC 762; Nineteenth Report from the European Scrutiny Committee, Documents considered by the Committee on 5 November 2014, HC 219-xviii; Ninth Report from the Home Affairs Committee, Session 2013-14, Pre-Lisbon Treaty EU police and criminal justice measures: the UK’s opt-in decision, HC 615, and the Government Response, HC 954 Eighth Report from the Justice Committee, Session 2013-14, Ministry of Justice measures in the JHA block opt-out, HC 605, and the Government Response, HC 972; First Joint Report from the European Scrutiny, Home Affairs and Justice Committees, Session 2013-14, The Government’s response to the Committee’s Reports on the 2014 block opt-out decision, HC 1177]
That this House endorses the Government’s formal application to rejoin 35 European Union Justice and Home Affairs measures, including the European Arrest Warrant.",178,Yvette Cooper,Lab,2014-11-19,important
184,Further devolution to Scotland,"Scotland Bill – New Benefits
In Section F1 of Part 2 of Schedule 5 to the Scotland Act 1998, in the Exceptions, after exception 8 (see section 23 above) insert— “Exception 9 A benefit not in existence at the relevant date provided entitlement to or the purpose of the benefit is different from entitlement to or the purpose of any benefit that is— (a) in existence at the relevant date, (b) payable by or on behalf of a Minister of the Crown, and (c) otherwise a reserved benefit. For the purpose of this exception— “the relevant date” means the date of introduction into Parliament of the Bill that becomes the Scotland Act 2015; “reserved benefit” means a benefit which is to any extent a reserved matter.” This New Clause broadens the circumstances under which the Scottish Parliament can create new benefits, as recommended by the Smith Commission.",147,Ian Murray,Lab,2015-06-30,important
479,Terrorism laws - For,"Independent Commissioner for Terrorist Suspects
Motion made, and Question put, That this House disagrees with Lords amendment 66.",18,Bridget Prentice,Lab,2009-11-09,not_important
249,More powers for local councils,"Tax Refunds Regulation (Review) – Power to require name and address
9, leave out clause 4",16,Christopher Chope,Con,2011-12-07,important
231,More powers for local councils,"Academies Bill [ Lords ]
That this House declines to give a Second Reading to the Academies Bill [ Lords] because it creates the legal framework for the expensive free market schools reforms which will be funded by scrapping existing school building programmes; its approach is based on reforms in other countries which have seen falling standards and rising inequality; it contains no measures to drive up standards, improve discipline or deliver greater equality in schools; it fails to build on the success of the previous Government's Academies programme and instead focuses additional support and resources on those schools that are already succeeding at the expense of the majority of schools; it deprives schools with the biggest behaviour and special educational needs challenges of local authority support for special needs provision, the funding for which will go to those with the fewest such challenges; it permits selective schools to convert to Academy status, which risks the unplanned expansion of selective education; it removes any proper requirement to consult local authorities or the community before the creation of an Academy and centralises power in the hands of the Secretary of State over the future of thousands of schools without adequate provision for local accountability.",203,Edward Balls,Lab,2010-07-19,not_important
104,European Union - For,"European Union Free Movement Directive 2004 (Disapplication) – Multiannual Financial Framework
(a), at line 9, leave out from ‘and’ to end and add‘; so calls on the Government to strengthen its stance so that the next MFF is reduced in real terms.’.",42,Mark Reckless,Con,2012-10-31,important
82,European Union - For,"Status of EU law dependent on continuing statutory basis
amendment 41, page 11, line 25, at end insert- '(1) The sovereignty of the United Kingdom Parliament in relation to EU law is hereby reaffirmed.'.",34,Bill Cash,Con,2011-01-11,important
344,Schools - Greater Autonomy,"School Standards and Framework Bill – Infant class sizes
.--(1) This section applies to any local education authority where the average infant class sizes in their area is a number at least three below the limit currently specified for the size of infant classes at maintained schools in their area imposed by regulations set out in accordance with section 1, and where there are no infant classes at maintained schools whose size is more than five above the limit referred to above.  (2) Local education authorities to which subsection (1) applies shall be exempted from the requirements of section 1 (4) and the requirements of section 2.'
That the clause be read a Second time.",115,Stephen Dorrell,Con,1998-03-11,not_important
268,More powers for local councils,"Cities and Local Government Devolution Bill [Lords]
[Relevant documents: Oral evidence taken before the Communities and Local Government Committee on 12 October 2015,and written evidence to the Committee, reported to the House on 7 and 15 September and 12 October2015, on the Government’s Cities and Local Government Devolution Bill, HC 369, the Committee’s FirstReport of Session 2014-15, Devolution in England, the case for local government, HC 503, and theGovernment’s response, Cm 8998.]
That the Bill be now read a Second time.",81,Jon Trickett,Lab,2015-10-14,important
76,European Union - For,"Electronic Communications
That the draft Data Retention (EC Directive) Regulations 2009, which were laid before this House on 11 February, be approved.",22,Diana R. Johnson,Lab,2009-03-17,important
407,Stop climate change,"Energy Bill – Decarbonisation
amendment 11, page 1, line 4, after ‘ensure’, insert— ‘that a decarbonisation target range is set and that’.",22,Tim Yeo,Con,2013-06-04,not_important
148,European Union - For,"European Union (Withdrawal) Bill –
4, page 3, line 23, leave out subsections (4) and (5) and insert— ‘(4) Notwithstanding subsection (5), the Charter of Fundamental Rights continues to apply to retained EU law after exit day save as set out in subsections (5) and (5A) below and all references in the Charter to “the law of the Union” shall be deleted and replaced with “retained EU law”. (5) The following provisions of the Charter shall not apply after exit day— (a) the Preamble, and (b) Title V. (5A) Article 47 of the Charter shall apply after exit day as if it was drafted as follows— “Right to a fair trial “Everyone whose rights and freedoms guaranteed by retained EU law are violated is entitled to a fair and public hearing within a reasonable time by an independent and impartial tribunal previously established by law. Everyone shall have the possibility of being advised, defended and represented. “Legal aid shall be made available to those who lack sufficient resources insofar as such aid is necessary to ensure effective access to justice.” (5B) With effect from exit day EU retained law, so far as it is possible to do so, must be interpreted consistently with the Charter. (5C) With effect from exit day decisions, judgments, advisory opinions of the Court of Justice of the European Union must be taken into account when determining cases under the Charter. (5D) With effect from exit day in relation to the rights conferred by the Charter with respect to retained EU law— (a) section 4 of the Human Rights Act 1998 shall apply and the words “a Convention right” shall be replaced by “a Charter right” and all references to “primary legislation” shall be replaced by “retained EU law”, (b) section 5 of the Human Rights Act 1998 shall apply, (c) section 12 of the Human Rights Act 1998 shall apply and the words “the Convention right to freedom of expression” shall be replaced by “the Charter right to freedom of expression and information”, and (d) section 13 of the Human Rights Act 1998 shall apply and the words “the Convention right to freedom of thought, conscience and religion” shall be replaced by “the Charter right to freedom of thought, conscience and religion”. (5E) With effect from exit day, any derogation or reservation made under sections 14 or 15 of the Human Rights Act 1998 shall apply to rights under the Charter in the same manner as they apply to Convention rights. (5F) With effect from exit day sections 16 or 17 of the Human Rights Act 1998 shall apply to rights under the Charter in the same manner as they apply to Convention rights.”
European Union (Withdrawal) Bill – Exceptions to savings and incorporation",459,Paul Blomfield,Lab,2018-01-16,important
542,Increase VAT,"Ways and Means — Budget Resolutions and Economic Situation — Amendment of the Law
an amendment, after “importation”, insert “other than in relation to Police Scotland and the Scottish Fire and Rescue Service”.",33,Michelle Thomson,SNP,2015-07-14,important
367,Schools - Greater Autonomy,"Academy arrangements
amendment 32, page 1, line 21, at end insert- '(5A) No Academy arrangement may be made under this section with a school that is exclusively a nursery or primary school, or both.'.",34,Vernon Coaker,Lab,2010-07-21,not_important
39,European Union - For,"Addition to list of treaties
No. 8, in clause 2, page 1, line 12, after 'excluding', insert— '(i) Article 2, paragraph 67, inserted Article 69A, TEC (TFEU), relating to judicial cooperation in criminal matters; and (ii) '.",37,Mark Francois,Con,2008-01-29,important
390,Stop climate change,"Tariffs for renewable energy
(1) The Secretary of State shall make regulations within one year of the passing of this Act with the purpose of requiring designated energy suppliers to introduce a renewable energy tariff for specified producers of renewable energy. (2) In this section— ""renewable energy tariff"" means the reward level for each kilowatt hour of energy produced by the renewable source; ""renewable source"" has the same meaning as in the Utilities Act 2000 (c.27); ""renewable energy"" means energy from renewable sources; ""renewables obligation"" means the obligation specified in section 32 of the Electricity Act 1989 (c.29); ""specified"" means specified in the regulations. (3) The renewable energy tariff shall set the reward level for each kilowatt hour of energy produced by the renewable source and may— (a) be set at different levels for different levels for different types of renewable source; (b) apply to metered energy produced or to metered energy exported onto public gas or electricity networks; (c) apply to sizes of renewable sources specified in the regulations; (d) be varied at different times as prescribed in the order or in successive orders; (e) make provision for the payment and incidence of the costs of connection of small-scale generators to public networks. (4) The descriptions of energy supplier upon which an order may impose the payment of a renewable energy tariff are those supplying electricity or gas— (a) in Great Britain; (b) in England and Wales; (c) in Scotland; or (d) in Northern Ireland excluding such categories of supplier as are specified. (5) The regulations shall specify— (a) the renewable sources in respect of which renewable energy tariffs shall apply; (b) the tariff applicable to each renewable source; (c) the maximum level of electricity generation in respect of which the renewable energy tariff shall apply; (d) which persons and installations generating from renewable sources shall be eligible for the renewable energy tariff, and any provisions to exclude installations accredited under the renewables obligation; (e) the terms and duration of the renewable energy tariff arrangements; (f) how the amount of energy produced and upon which the renewable energy tariff is payable shall be measured, determined or deemed; (g) provisions for the regulation of renewable energy tariff arrangements by a designated body; (h) provision for the Secretary of State to report periodically on the effectiveness of the regulations made hereunder; (i) any necessary amendment to distribution licences or supply licences held by any person; and (j) such other provisions as may be required for the efficient, cost-effective and transparent operation of the renewable energy tariff. (6) Before making regulations under this section, the Secretary of State must consult— (a) the Authority; (b) the energy suppliers to whom the proposed order may apply; (c) representatives of renewable energy producers to whom the proposed order would apply; and (d) such other persons, if any, as he considers appropriate. (7) Regulations under this section shall not be made unless a draft of the instrument containing it has been laid before, and approved by a resolution of, each House of Parliament.'.
That the clause be read a Second time.",515,Alan Simpson,Lab,2008-04-30,important
210,Homosexuality - Equal rights,"Adoption and Children Bill — General interpretation, etc.
Amendments made: No. 248, in page 74, line 12, at end insert— ""'enactment' includes an enactment comprised in subordinate legislation"" No. 257, in page 74,, leave out lines 24 and 25. No. 272, in page 74,, leave out lines 35 and 36. No. 47, in page 74, line 48, at end insert— '( ) Any power conferred by this Act to prescribe a fee by Order in Council or regulations includes power to prescribe— (a) a fee not exceeding a prescribed amount, (b) a fee calculated in accordance with the Order or, as the case may be, regulations, (c) a fee determined by the person to whom it is payable, being a fee of a reasonable amount.'.
amendment No. 227, in page 74, line 49, leave out subsection (2).",137,Jacqui Smith,Lab,2002-05-20,not_important
368,Schools - Greater Autonomy,"Academy arrangements
amendment 19, page 1, line 22, at end insert- (za) the school has regard to the regulations relating to schools admissions made under section 84 of the Schools Standards and Framework Act 1998; (zb) the school has regard to the regulations relating to the exclusion of pupils made under section 52 of the Education Act 2002;'.",58,Diana R. Johnson,Lab,2010-07-21,important
110,European Union - For,"European Union
That the draft European Union (Definition of Treaties) (Colombia and Peru Trade Agreement) Order 2013, which was laid before this House on 21 October, be approved.",28,,,2013-12-04,important
227,Homosexuality - Equal rights,"Registration of Births, deaths and marriages etc
That the draft Marriage of Same Sex Couples (Use of Armed Forces’ Chapels) Regulations 2014, which were laid before this House on 23 January, be approved.",33,,,2014-03-05,not_important
411,Stop climate change,"Climate Change Levy: Removal of Exemption for Electricity from Renewable Sources
That in paragraph 19 of Schedule 6 to the Finance Act 2000 (climate change levy: exemption for electricity from renewable sources), in sub-paragraph (3), before paragraph (a) insert— “(za) it is generated before 1 August 2015;”.",47,,,2015-07-14,important
60,European Union - For,"Addition to list of treaties
That the clause stand part of the Bill",13,,,2008-02-27,important
81,European Union - For,"Corporate Governance in Financial Institutions and Remuneration Policies
That this House takes note of European Union Document No. 10823/10 and Addendum 1 relating to a Green Paper on corporate governance in financial institutions and remuneration policies; and supports the Government's approach to work closely with the European Commission to deliver a strong, principles-based framework for financial sector corporate governance.",59,Shailesh Vara,Con,2010-12-14,not_important
177,Further devolution to Scotland,"Scotland Bill – Consent of the Scottish Parliament to certain Westminster Acts
‘(1) In section 28 of the Scotland Act 1998 (Acts of the Scottish Parliament), at the end add— “(8) But the Parliament of the United Kingdom must not pass Acts applying to Scotland that make provision about a devolved matter without the consent of the Scottish Parliament. “(9) A provision is about a devolved matter if the provision— (a) applies to Scotland and does not relate to reserved matters, (b) modifies the legislative competence of the Scottish Parliament, or (c) modifies the functions of any member of the Scottish Government. (1) In subsection (8), “Acts” includes any Act, whether a public general Act, a local and personal Act or a private Act. (2) After section 28 of the Scotland Act 1998 insert— “28A Duty to consult the Scottish Government on Bills applying to Scotland(1) A Minister of the Crown shall consult Scottish Ministers before introducing any Bill into the Parliament of the United Kingdom for an Act of that Parliament that would make provision applying to Scotland. (2) Where the Bill is for an Act making provision that would require the consent of the Scottish Parliament by virtue of section 28(8), the requirement to consult under subsection (1) includes a requirement that a Minister of the Crown give the Scottish Ministers a copy of the provisions of the Bill that apply to Scotland no later than— (a) 21 days before the proposed date of introduction, or (b) such later date as the Scottish Ministers may agree. (3) The requirement in subsection (2) does not apply if— (c) the Scottish Ministers so agree, or (d) there are exceptional circumstances justifying failure to comply with the requirement. (4) The reference in subsection (1) to an Act of Parliament is a reference to any Act whether a public general Act, a local and personal Act or a private Act.’",318,Angus Robertson,SNP,2015-06-15,important
275,More powers for local councils,"Housing and Planning Bill – Mandatory rents for high income local authority tenants
That this House disagrees with Lords amendment 54.",21,Brandon Lewis,Con,2016-05-03,not_important
490,Shift Powers from MPs in the Commons to Ministers,"Delay in proceedings under section 13
(1) Where within the period set out in section 13 either House of Parliament resolves that the content of an order is inappropriate for provision to be made under section [Power to remove or reduce burdens] , there shall be no further proceedings in respect thereof. (2) An order which has the same or similar effect to one that has previously been prevented from passing under the provisions of subsection (1) may not be laid under Part 1 within the subsequent two-year period. (3) In this section, ""two year period"" means the period of two years beginning with the day on which the draft order was laid before Parliament under section 12.'.
That the clause be read a Second time.",126,Jonathan Djanogly,Con,2006-05-16,important
11,Asylum System - More strict,"Asylum and Immigration (Treatment of Claimants, Etc.) Bill – Entering United Kingdom without passport
No. 99, in page 2, line 30, at end insert— '(4A) Where a person is charged with an offence under subsections (1) and (2) above, and relies on a defence under subsections (3) and (4) above, if the person adduces evidence which is sufficient to raise an issue with respect to the matter, the court or jury shall assume that the defence is satisfied unless the prosecution proves beyond reasonable doubt that it is not.'.",89,David Heath ,LD,2004-03-01,important
90,European Union - For,"United Kingdom Parliamentary Sovereignty Bill
That the Bill be now read a Second time.",14,,,2011-03-18,not_important
83,European Union - For,"Status of EU law dependent on continuing statutory basis
Amendment 52, page 11, line 30, at end add- '(2) The Secretary of State shall prepare an annual report on the extent to which in the previous 12 months the provisions of subsection (1) have been challenged or questioned in the courts, including the European Court of Justice, identifying any challenge to the declaration contained in that subsection that the status of EU law is dependent on the continuing statutory basis provided by the European Communities Act 1972. (3) The report made under subsection (2) shall be laid before Parliament for its approval.'.",102,,,2011-01-11,important
354,Schools - Greater Autonomy,"Education and Inspections Bill
[Relevant documents: The First Report from the Education and Skills Committee, Session 2005–06, HC 633, The Schools White Paper: Higher Standards, Better Schools for All, and the Government's reply thereto, Cm 6747.]
That the Bill be now read a Second time.",45,Ruth Kelly,Lab,2006-03-15,important
328,Reduce Spending on Welfare Benefits,"Welfare Reform and Work Bill (Programme No. 3) – Tax credit reforms
“The measures in this Bill and (Income Thresholds and Determination of Rates) (Amendment) Regulations 2015 relating to the award of tax credits and the relevant entitlement within Universal Credit shall not take effect until the Secretary of State has implemented a scheme for full transitional protection for a minimum of three years for all families and individuals currently receiving tax credits before 5 April 2016, such transitional protection to be renewable after three years with parliamentary approval.”",89,Neil Gray,SNP,2015-10-27,not_important
79,European Union - For,"European Union Economic Governance
That this House takes note of European Union Documents (a) 9433/10, Commission Communication on reinforcing economic policy co-ordination, (b) 11807/10, Commission Communication on enhancing economic policy co-ordination for stability, growth and jobs - tools for stronger EU economic governance, (c) 14496/10, Proposal for a Council Regulation (EU) amending Regulation (EC) No. 1467/97 on speeding up and clarifying the implementation of the excessive deficit procedure, (d) 14497/10, Proposal for a Council Directive on requirements for budgetary frameworks of the Member States, (e) 14498/10, Proposal for a Regulation of the European Parliament and of the Council on the effective enforcement of budgetary surveillance in the euro area, (f) 14512/10, Proposal for a Regulation of the European Parliament and of the Council on enforcement measures to correct excessive macroeconomic imbalances in the euro area, (g) 14515/10, Proposal for a Regulation of the European Parliament and of the Council on the prevention and correction of macroeconomic imbalances, and (h) 14520/10, Proposal for a Regulation of the15 European Parliament and of the Council amending Regulation (EC) No. 1466/97 on the strengthening of the surveillance of budgetary positions and the surveillance and co-ordination of economic policies; notes the Report from the Task Force on Economic Governance in the European Union; notes with approval that budgetary and fiscal information will continue to be presented to Parliament before being given to EU20 institutions; and approves the Government's position, as endorsed by the Task Force that any sanctions proposed should not apply to the United Kingdom in consideration of Protocol 15 of the Treaty on the Functioning of the EU.",265,Mark Hoban,Con,2010-11-10,important
558,Identity cards - For introduction,"Identity Cards Bill (Programme) (No. 3)
That the Order of 28th June 2005 (Identity Cards Bill (Programme)) be further varied as follows: For paragraph 4 substitute— ""4. Proceedings on consideration shall (so far as not previously concluded) be brought to a conclusion at this day's sitting at the time specified in the second column of the following Table. TABL Proceedings	Time for conclusion ofproceeding New clauses and amendments relating to Clause 1	5.45 p.m Amendments relating to Clauses 2 to 7	7.15 p.m Remaining proceedings on consideration	One hour before the moment of interruption.""",94,Tony McNulty,Lab,2005-10-18,important
539,Increase VAT,"Housing
an amendment, to leave out from “House” to the end of the Question and add: “welcomes the first Opposition Day debate on housing in this Parliament; notes that house building under the previous administration fell to its lowest peacetime level since the 1920s; further notes that house building starts in England were 29 per cent higher in 2011 compared with 2009; believes there is still more to do to get Britain building; further notes that housing is the most affordable for first-time buyers for a decade and mortgage payments are the lowest since 1997 as a direct consequence of the decisive action to tackle the deficit brought about by the previous administration; notes that the Coalition Government’s affordable housing programme will deliver 170,000 affordable homes by 2015 and leverage £19.5 billion of investment; and welcomes the steps being taken to increase house building and unlock stalled sites and the comprehensive programme to get empty homes back into productive use.”",160,Mark Prisk,Con,2012-09-05,not_important
361,Schools - Greater Autonomy,"Admissions administration
(1) Chapter 1 of Part 3 of SSFA 1998 (Schools admissions) is amended as follows. (2) After section 89 insert the following section— ""89A Admissions administration (1) Admissions administration will receive all applications for places made on behalf of pupils seeking admission to maintained schools, academies, city technology colleges and city colleges for the technology of the arts within its area. (2) Admissions administration will determine the awarding of places at maintained schools within its area having regard to the arrangements which are to apply for that year, established by any admissions authority within that area, including special arrangements provided for in section 91. (3) The admissions administration shall then make the list of places awarded available to maintained schools, academies, city technology colleges and city colleges for the technology of the arts within its local area and notify parents of the results of their application. (4) The admissions administration shall always act such that the identity of the individual applicants cannot be determined by the schools for which they have applied or expressed a preference during the admissions process, until the list of places awarded is made available to schools and parents by the admissions administration. (5) If a school believes that the admissions administration has failed to adhere to its admissions criteria, as set by the admissions authority, it may appeal to the admissions forum, which may review, and report on their findings. (6) The person responsible for admissions administration within a local education authority must be employed or commissioned by the local education authority. (7) In this Chapter ""admissions administration"" means the person responsible for the administration of arrangements for the admission of pupils to any school within a local education authority's area."".'.
That the clause be read a Second time.",296,Sarah Teather,LD,2006-05-24,important
405,Stop climate change,"Energy Bill
That this House, whilst affirming its support for measures included in the Bill to reform the electricity market to deliver secure, clean and affordable electricity, declines to give a Second Reading to the Energy Bill because it fails to include a clear target to decarbonise the power sector by 2030, and because it fails to include direct measures to increase transparency, competition or liquidity or ensure that the energy market is properly regulated and works in the interests of consumers.",82,Caroline Flint,Lab,2012-12-19,important
204,Homosexuality - Equal rights,"Sexual Offences (Amendment) Bill – Defences available to persons who are under age
(a) in subsection (1), after the words ""subsection (1A)"" there shall be inserted the words ""or (1AA)""; (b) in subsection (1A), after the word ""circumstances"" there shall be inserted the word ""first""; and (c) after that subsection there shall be inserted the following subsection-- ""(1AA) The other circumstances so referred to are that the person is under the age of sixteen and the other person has attained that age."" (2) In section 13 of that Act (indecency between men)-- (a) after the words ""another man"", in the first place where they occur, there shall be inserted the words ""otherwise than in the circumstances described below""; and (b) at the end there shall be inserted the following paragraph-- ""The circumstances referred to above are that the man is under the age of sixteen and the other man has attained that age."" (3) In subsection (1) of section 1 of the Sexual Offences Act 1967-- (a) the words from ""a homosexual act"" to the end shall become paragraph (a); and (b) after that paragraph there shall be inserted the words ""and (b) a homosexual act by any person shall not be an offence if he is under the age of sixteen years and the other party has attained that age."" (4) In section 13 of the Criminal Law (Consolidation) (Scotland) Act 1995, after subsection (8) there shall be inserted the following subsection-- ""(8A) A person under the age of sixteen years does not commit an offence under subsection (5)(a) or (c) above if he commits or is party to the commission of a homosexual act with a person who has attained that age."" (5) In paragraph (1) of Article 3 of the Homosexual Offences (Northern Ireland) Order 1982-- (a) the words from ""a homosexual act"" to the end shall become sub-paragraph (a); and (b) after that sub-paragraph there shall be inserted the words ""and (b) a homosexual act by any person shall not be an offence if he is under the age of seventeen years and the other party has attained that age."".'
That the clause be read a Second time.",362,Paul Boateng,Lab,1999-03-01,not_important
158,Further devolution to Scotland,"Scotland Bill
an amendment, to leave out from ""That"" to the end of the Question and add: That this House, while recognising the need to further enhance the powers of the Scottish Parliament, nevertheless believes that the measures the Scotland Bill seeks to devolve are inadequate to meet the ambitions of the Scottish Government for the people of Scotland; considers the measures relating to air weapons, road safety and drink driving to be incomplete; regrets that the Calman Commission's recommendations to devolve the aggregates levy and air passenger duty, and to devolve responsibility for the marine environment to match the Scottish Parliament's responsibility for fisheries, as well as its proposal for a Scottish role in welfare benefits, have all been abandoned; regards the proposals for the Crown Estates Commission as inadequate; deplores the proposals in the Bill to re-reserve already devolved responsibilities; concludes that the tax varying provisions would embed a long-term deflationary bias in Scotland's budget and that the proposed borrowing powers remaining subject to HM Treasury controls and limits render them insufficiently flexible; and therefore considers the Bill as a whole to be unacceptable.",186,Pete Wishart,SNP,2011-01-27,important
155,European Union - For,"European Union (Withdrawal) Bill – Exceptions to savings and incorporation
That this House disagrees with Lords amendment 5.",18,Robert Buckland,Con,2018-06-13,important
421,Terrorism laws - For,"Anti-Terrorism, Crime and Security Bill (Programme) – Programming Committee
4. Sessional Order B (Programming Committees) made on 28th June 2001 shall not apply to proceedings on consideration and Third Reading.",30,Ian Pearson,Lab,2001-11-19,not_important
333,Reduce Spending on Welfare Benefits,"Universal Credit Work Allowance
That this House calls on the Government to reverse its decision to cut the universal credit work allowance, which is due to come into effect in April 2016.",32,Owen Smith,Lab,2016-01-06,important
553,Identity cards - For introduction,"Identity Cards Bill – Reports by Commissioner
No. 26, in page 22, line 3 [Clause 25], leave out from 'must' to 'about' and insert 'lay before each House of Parliament a general report'.",33,Humfrey Malins,Con,2005-02-10,important
300,Reduce Spending on Welfare Benefits,"Benefit cap
That this House disagrees with Lords amendment 47.",10,,,2012-02-01,not_important
244,More powers for local councils,"Localism Bill (Ways and Means) – Powers to make supplemental provision
37, page 4, line 22, at end insert— ‘(6A) The power under subsection (1) or (2) may not be exercised to amend, repeal, revoke or disapply— (a) this Part of this Act, (b) Public Libraries and Museums Act 1964 section 7 or section 13, (c) Small Holdings and Allotments Act 1908 section 23, (d) Children Act 1989 Part 3 and Schedule 2, (e) Childcare Act 2006, Parts 1 and 2, (f) Child Poverty Act 2010 Part 2, (g) Equality Act 2010, section 88, (h) Equality Act 2010, section 149, (i) Care Standards Act 2000, (j) Chronically Sick and Disabled Persons Act 1970 section 21, (k) Transport Act 2000 section 145A, (l) Local Authorities’ Traffic Orders (Exemptions for Disabled Persons) (England) Regulations 2000, (m) Disabled Persons (Badges for Motor Vehicles) (England) (Amendment) Regulations 2007, (n) Disabled Persons (Badges for Motor Vehicles) (England) (Amendment No. 2) Regulations 2007, (o) Carers and Disabled Children Act 2000, (p) Carers (Recognition and Services) Act 1995, (q) Disabled Persons (Services, Consultation and Representation) Act 1986, (r) Mental Health Act 1983 Part 8, (s) Community Care, Services for Carers and Children Services (Direct Payments) England Regulations 2009, (t) Public Health Act 1875, (u) Public Health Act 1936, (v) Commons Act 2006, (w) Countryside and Rights of Way Act 2000, (x) Natural Environment and Rural Communities Act 2006 section 40, (y) Wildlife and Countryside Act 1981 section 25 or section 28E, (z) Environment Act 1995 Part 4, (z1) Dangerous Wild Animals Act 1976, (z2) Prevention of Damage by Pests Act 1949, (z3) Hedgerow Regulations 1997, (z4) Planning (Listed Building and Conservation Areas) Act 1990 section 66 or section 72, (z5) Ancient Monument and Archaeological Areas Act 1979 sections 12 and 13, (z6) National Parks and Access to the Countryside Act 1949, (z7) Animal Welfare Act 2006 section 30, (z8) Zoo Licensing Act 1981, (z9) Marine and Coastal Access Act 2009 Part 6, (z10) Flood and Water Management Act 2010 Schedule 3, (z11) Working Time Regulations 1998 Regulation 28, (z12) Education Act 1996 section 15ZA, (z13) Food Safety Act 1990 Parts 1, 2 and 3, (z14) Freedom of Information Act 2000, (z15) Housing Grants, Construction and Regeneration Act 1996 section 1, (z16) Housing Act 1996 Part 7, (z17) Homelessness Act 2002, (z18) Housing Act 2004 Part 2, (z19) Local Government Act 1972 Part VA, section 99 or section 148, (z20) Local Government Act 2000 Part 3 section 21 or section 37, (z21) Children and Young Persons Act 1969 Part 1, or (z22) Adoption and Children Act 2002.’.",429,Barbara Keeley,Lab,2011-05-17,important
561,Identity cards - For introduction,"Identity Cards Bill – Applications Relating to Entries in the Register
amendment No. 5, in page 4, line 42, leave out 'must' and insert 'may, if the applicant so chooses'.",30,Neil Gerrard,Lab,2005-10-18,not_important
9,Asylum System - More strict,"Immigration
That the draft Asylum (Designated States) (No. 2) Order 2003, which was laid before this House on 17 June, be approved.",22,,,2003-07-16,important
274,More powers for local councils,"Housing and Planning Bill – Reduction of Payment by Agreement
That this House disagrees with Lords amendment 47.",18,Brandon Lewis,Con,2016-05-03,important
181,Further devolution to Scotland,"Scotland Bill – Disability, industrial injuries and carer’s benefits
48, in clause 19, page 22, line 45, leave out sub-paragraph (a).
That the amendment be made.",26,Ian Murray,Lab,2015-06-30,not_important
415,Stop climate change,"Energy Bill [Lords] – Carbon capture and storage strategy for the energy industry
‘(1) By June 2017, the Secretary of State must develop, promote and implement a comprehensive national strategy for carbon capture and storage (CCS) for the energy industry to deliver the emissions reductions required to meet the fifth and subsequent, carbon budgets at the scale and pace required. (2) In developing the strategy, the Secretary of State must consult— (a) HM Treasury; (b) the Department for Business, Innovation and Skills; (c) the Oil and Gas Authority; (d) the National Infrastructure Commission; (e) Scottish Ministers; (f) Welsh Ministers, and (g) other relevant stakeholders including the CCS industry. (3) The strategy must include though shall not be restricted to— (a) the development of infrastructure for carbon dioxide transport and storage; (b) a funding strategy for implementation including provision of market signals sufficient to build confidence for private investment in the CCS industry; (c) priorities for such action in the immediate future as may be necessary to allow the orderly and timely development and deployment of CCS after 2020; (d) promotion of cost-effective innovation in CCS; and (e) clarification of the responsibilities of government departments with respect to the implementation of the strategy.” (4) The Secretary of State must report to Parliament on the progress of its implementation of the strategy every three years starting in 2020.”.
That the clause be read a Second time.",234,Callum McCaig,SNP,2016-03-14,important
291,Reduce Spending on Welfare Benefits,"Welfare Reform Bill (Programme) (No. 2) – Universal credit: supplementary regulation-making powers
27, page 103, line 1, after ‘income,’, insert— (ba) a person’s earned income from self-employment,’.",27,Stephen Timms,Lab,2011-06-13,important
578,Higher taxes on alcoholic drinks,"Amendment of the Law
(1) That it is expedient to amend the law with respect to the National Debt and the public revenue and to make further provision in connection with finance. (2) This Resolution does not extend to the making of any amendment with respect to value added tax so as to provide— (a) for zero-rating or exempting a supply, acquisition or importation, (b) for refunding an amount of tax, (c) for any relief, other than a relief that— (i) so far as it is applicable to goods, applies to goods of every description, and (ii) so far as it is applicable to services, applies to services of every description.",111,,,2012-03-26,not_important
280,More powers for local councils,"Secure Tenancies (Victims of Domestic Abuse) Bill – Duty to grant old-style secure tenancies: victims of domestic abuse
2, page 1, line 25, at end insert— “(2BA) A local housing authority which grants an old-style secure tenancy under subsection (2A) or (2B) has discretion to decide whether or not the maximum rent for the old-style secure tenancy should be determined according to regulation B13 of the Housing Benefit Regulations 2006 (SI 2006/213) as amended by the Housing Benefit (Amendment) Regulations 2012 (SI 2012/ 3040).”",84,Melanie Onn,Lab,2018-05-08,important
84,European Union - For,"European Union Bill – Interpretation of Part 1
amendment 85, page 2, line 6, at end add- '(7A) References to ""the Committee"" are to the European Union Referendum Committee as established by section [European Union Referendum Committee] below.'.",38,Wayne David,Lab,2011-01-24,important
137,European Union - For,"European Union (Withdrawal) Bill – Repeal of the European Communities Act 1972
79, page 1, line 3, at end insert— ‘(2) Regulations under section 19(2) bringing into force subsection (1) may not be made until the Prime Minister is satisfied that resolutions have been passed by the Scottish Parliament, the National Assembly for Wales and the Northern Ireland Assembly signifying consent to the commencement of subsection (1).”",67,Hywel Williams,PC,2017-11-14,not_important
163,Further devolution to Scotland,"Scotland Bill – Taxation: introductory
amendment 37, page 16, line 17, at end insert— ‘(f) Chapter 8 provides for an Order in Council to specify, as an additional devolved tax, a duty charged on fuel’.",35,Stewart Hosie,SNP,2011-03-14,important
196,Further devolution to Scotland,"European Union (Withdrawal) Bill – Corresponding powers involving devolved authorities
167,  page 17, line 9, at end insert— “(3) This paragraph does not apply to regulations made under this Part by the Scottish Ministers or the Welsh Ministers.”",38,Stephen Gethins,SNP,2017-12-06,important
431,Terrorism laws - For,"Anti-terrorism, Crime and Security Bill — Transport Police and MOD Police: Further Provisions
No. 76, in page 108, line 21, at end insert—  'Police (Scotland) Act 1967 (c. 77) 1 The Police (Scotland) Act 1967 has effect subject to the following amendments.  2 (1) Section 11 (aid of one police force by another) is amended as follows.  (2) In subsection (2), for ""Secretary of State"" substitute ""appropriate Minister or Ministers"" and after ""he"" insert ""or they"". 26 Nov 2001 : Column 785 (3) In subsection (4), for ""Secretary of State"" substitute ""appropriate Ministers"".  (4) After that subsection insert—  ""(5) This section shall apply in relation to the Strategic Rail Authority and the British Transport Police Force as it applies to a police authority and a police force respectively.  (6) In subsection (2) ""appropriate Minister or Ministers"" means—  (a) in relation to a direction given to the Chief Constable of the British Transport Police Force, the Secretary of State, and  (b) in any other case, the Scottish Ministers. (7) In subsection (4) ""appropriate Ministers"" means— (a) where the police authorities concerned include the Strategic Rail Authority, the Scottish Ministers and the Secretary of State, acting jointly, and (b) in any other case, the Scottish Ministers."" 3 (1) Section 12 (collaboration agreements) is amended as follows. (2) In subsection (3), for ""Secretary of State"" substitute ""Scottish Ministers"". (3) For subsection (5) substitute— ""(5) If it appears to the Scottish Ministers that an agreement should be made for the purposes specified in subsection (1), (2) or (4) of this section, they may, after considering any representations made by the parties concerned, direct those parties to enter into such agreement for that purpose as may be specified in the directions. (6) For the purposes of this section— (a) the British Transport Police Force shall be treated as if it were a police force; (b) ""police functions"" shall include the functions of the British Transport Police Force; (c) the British Transport Police Committee shall be treated as if it were the police authority maintaining that Force for the purposes of subsections (1) and (2) of this section; and the Strategic Rail Authority shall be so treated for the purposes of subsection (3) of this section; and (d) ""police area"", in relation to the British Transport Police Force and the British Transport Police Committee, means those places where members of the British Transport Police Force have the powers, protection and privileges of a constable under section 53(4) of the British Transport Commission Act 1949 (c. xxix). (7) In relation to agreements relating to the British Transport Police Force, any determination under subsection (3) shall be made, and any directions under subsection (5) shall be given, by the Scottish Ministers and the Secretary of State, acting jointly."" 4 (1) Section 17 (general functions and jurisdiction of constables) is amended as follows. (2) After subsection (4) insert— ""(4A) A member of the British Transport Police Force who is for the time being required by virtue of section 11 or 12 of this Act to serve with a police force shall— (a) have all the powers and privileges of a constable of that police force, and (b) be subject to the direction of the chief constable of that force."" (3) In subsection (7)(a) after ""first–mentioned force"" insert ""or, if he is serving with the British Transport Police Force, the Chief Constable of that Force"". 5 (1) Section 42 (causing disaffection) is amended as follows. (2) In subsection (1), after ""force"" insert ""or of the British Transport Police Force"". (3) In subsection (2), after ""constable"" insert ""or a member of the British Transport Police Force"". 6 (1) Section 43 (impersonation etc.) is amended as follows. (2) After subsection (2) insert26 Nov 2001 : Column 786""(2A) For the purposes of this section— (a) ""constable"" includes a member of the British Transport Police Force, and (b) any reference to ""police"" includes a reference to that force."" (3) In subsection (3), after ""police authority"" insert ""or by the British Transport Police Committee"". (4) After that subsection insert— ""(4) In its application to articles of British Transport Police Force uniform, subsection (1)(b) has effect as if for the words ""without the permission of the police authority for the police area in which he is"" were substituted the words ""in circumstances where it gives him an appearance so nearly resembling that of a constable as to be calculated to deceive"". 7 In section 51 (interpretation), after the definition of ""amalgamation scheme"" insert— """"British Transport Police Force"" means the constables appointed under section 53 of the British Transport Commission Act 1949 (c. xxix);"".'.No. 77, in page 109, line 38, leave out from ""(11)"" to end of line 42 and insert— '(a) before the definition of ""dangerous instruments"" insert— """"British Transport Police Force"" means the constables appointed under section 53 of the British Transport Commission Act 1949 (c. xxix)"", and (b) after the definition of ""offensive weapon"" insert— """"policed premises"", in relation to England and Wales, has the meaning given by section 53(3) of the British Transport Commission Act 1949 (c. xxix) and, in relation to Scotland, means those places where members of the British Transport Police Force have the powers, protection and privileges of a constable under section 53(4)(a) of that Act (as it relates to Scotland)."".'. No. 78, in page 111, line 14, at end insert— '20A In section 105(2) (extent), after the entry relating to section 21 insert ""section 25(1A)"".'.No. 79, in page 111, line 24, leave out from ""premises"" to ""by"" in line 25. No. 80, in page 111, line 40, leave out from ""premises"" to end of line 42. No. 81, in page 112, line 4, leave out from ""premises"" to "", an"" in line 6. No. 82, in page 112, line 17, leave out from ""121"" to end of line 19 and insert— '(a) after the definition of ""article"" insert— """"British Transport Police Force"" means the constables appointed under section 53 of the British Transport Commission Act 1949 (c. xxix),"" and (b) after the definition of ""organisation"" insert— """"policed premises"", in relation to England and Wales, has the meaning given by section 53(3) of the British Transport Commission Act 1949 (c. xxix) and, in relation to Scotland, means those places where members of the British Transport Police Force have the powers, protection and privileges of a constable under section 53(4)(a) of that Act (as it relates to Scotland)."".'. No. 128, in page 112, line 22, at end add 'and (b) after the entry relating to the expression ""organisation"" insert ""Policed premisesSection 121"".'.
That clauses 101 to 105, 120 and 121 stand part of the Bill, that schedule 8 be the Eighth schedule to the Bill, and that clause 122 stand part of the Bill:",1123,Lewis Moonie,Lab,2001-11-26,not_important
234,More powers for local councils,"London Local Authorities Bill [ Lords] (By Order)
That the Bill be now read a Second time.",17,Mike Freer,Con,2010-10-13,important
301,Reduce Spending on Welfare Benefits,"Responsibility for children and young persons
That this House disagrees with Lords amendment 1.",14,,,2012-02-01,important
212,Homosexuality - Equal rights,"Repeal of Section 2A of Local Government Act 1986
The Secretary of State shall lay before Parliament within 24 months of the coming into force of section 119 and at intervals of 24 months thereafter a report containing information on the effect of the operation of that section on— (a) the adherence to guidance issued under section 403(1A) of the Education Act 1996 (c. 96); (b) the operation of the provisions of section 404 of that Act; and (c) the numbers of parents withdrawing their children from sex education pursuant to section 405 of that Act.'.
That the clause be read a Second time.",104,Geoffrey Clifton-Brown,Con,2003-03-10,not_important
238,More powers for local councils,"Localism Bill
That the Bill be now read a Second time.",11,Eric Pickles,Con,2011-01-17,important
109,European Union - For,"2014 JHA Opt-out Decision – Proposed Europol Regulation
That this House takes note of European Union Document No. 8229/13 and Addenda 1 to 6, a draft Regulation of the European Parliament and of the Council on the European Union Agency for Law Enforcement Cooperation and Training (Europol) and repealing Decisions 2009/371/JHA and 2005/681/JHA; and agrees with the Government that the UK should opt into the Regulation post-adoption, provided that Europol is not given the power to direct national law enforcement agencies to initiate investigations or share data that conflicts with national security.",92,James Brokenshire,Con,2013-07-15,important
